City,Country,Date,Lat,Long,Cloudiness,Humidity,Max Temp,Wind Speed
san quintin,MX,2020-04-11 13:56:39,30.48,-115.95,32,64,62.150000000000006,6.13
nailsea,GB,2020-04-11 14:00:26,51.43,-2.76,79,32,71.27599999999998,3.6
sikonge,TZ,2020-04-11 14:00:26,-5.63,32.77,20,78,73.66999999999996,2.32
mataura,NZ,2020-04-11 14:00:26,-46.19,168.86,100,74,54.266000000000005,1.34
muroto,JP,2020-04-11 14:00:26,33.28,134.15,100,78,52.84399999999997,5.59
clyde river,CA,2020-04-11 14:00:26,70.47,-68.59,75,84,7.069999999999958,5.7
torbay,CA,2020-04-11 14:00:26,47.67,-52.73,75,65,46.274000000000015,11.3
illoqqortoormiut,,,,,,,,
chokurdakh,RU,2020-04-11 14:00:27,70.63,147.92,100,97,27.42799999999996,6.42
busselton,AU,2020-04-11 14:00:27,-33.65,115.33,100,53,68.26999999999995,2.74
santa maria,BR,2020-04-11 14:00:27,-29.68,-53.81,2,41,75.84800000000003,2.54
ullapool,GB,2020-04-11 13:58:46,57.9,-5.16,95,88,54.266000000000005,4.92
jamestown,US,2020-04-11 14:00:27,42.1,-79.24,1,47,44.27599999999999,5.1
provideniya,RU,2020-04-11 14:00:27,64.38,-173.3,99,97,27.40999999999998,1.47
mwene-ditu,CD,2020-04-11 14:00:27,-7,23.45,88,72,70.826,0.47
ngunguru,NZ,2020-04-11 14:00:27,-35.62,174.5,7,98,55.274000000000015,1.79
bengkulu,ID,2020-04-11 14:00:28,-3.8,102.27,37,79,79.53800000000004,1.22
barrow,US,2020-04-11 13:55:53,71.29,-156.79,75,83,-14.529999999999994,5.1
puerto ayora,EC,2020-04-11 14:00:28,-0.74,-90.35,75,74,85.26199999999996,3.6
villefranche-de-rouergue,FR,2020-04-11 14:00:28,44.33,2,0,39,65.26400000000004,4.1
butaritari,KI,2020-04-11 14:00:28,3.07,172.79,78,76,84.03800000000004,5.71
cape town,ZA,2020-04-11 13:56:37,-33.93,18.42,75,93,65.26400000000004,6.7
warwick,US,2020-04-11 14:00:28,41.7,-71.42,40,29,53.27599999999999,9.8
cidreira,BR,2020-04-11 14:00:28,-30.18,-50.21,18,56,71.69000000000003,3.38
faanui,PF,2020-04-11 14:00:28,-16.48,-151.75,100,73,83.20999999999998,4.2
lesozavodsk,RU,2020-04-11 14:00:29,45.48,133.42,0,83,33.56600000000001,1.07
khatanga,RU,2020-04-11 14:00:29,71.97,102.5,64,92,0.7879999999999932,4.63
port elizabeth,ZA,2020-04-11 14:00:06,-33.92,25.57,100,72,62.86999999999996,1.5
hofn,IS,2020-04-11 14:00:29,64.25,-15.21,81,83,41.59399999999997,9.06
port hardy,CA,2020-04-11 14:00:29,50.7,-127.42,40,81,46.66999999999996,2.1
hermanus,ZA,2020-04-11 14:00:29,-34.42,19.23,100,75,71.27599999999998,2.68
ushuaia,AR,2020-04-11 13:58:24,-54.8,-68.3,40,49,48.469999999999956,8.2
mehamn,NO,2020-04-11 14:00:30,71.04,27.85,92,89,23.07200000000004,0.76
kapaa,US,2020-04-11 14:00:30,22.08,-159.32,1,73,73.66999999999996,5.1
yabrud,SY,2020-04-11 14:00:30,33.97,36.66,20,58,55.66999999999996,5.1
port lincoln,AU,2020-04-11 13:57:26,-34.73,135.87,59,66,56.156000000000034,4.18
san vicente,AR,2020-04-11 14:00:30,-26.62,-54.13,0,24,77.9,1.86
vila velha,BR,2020-04-11 14:00:30,-20.33,-40.29,75,83,78.27799999999996,4.6
rikitea,PF,2020-04-11 14:00:30,-23.12,-134.97,94,74,77.0,1.71
saleaula,,,,,,,,
taolanaro,,,,,,,,
bredasdorp,ZA,2020-04-11 14:00:30,-34.53,20.04,100,82,71.27599999999998,1.5
thompson,CA,2020-04-11 13:58:08,55.74,-97.86,90,68,25.069999999999958,3.1
kasongo-lunda,CD,2020-04-11 14:00:31,-6.47,16.82,40,77,74.69600000000005,0.91
punta arenas,CL,2020-04-11 14:00:31,-53.15,-70.92,40,66,48.469999999999956,8.7
castro,BR,2020-04-11 13:59:46,-24.79,-50.01,63,42,71.52799999999996,1.42
mount isa,AU,2020-04-11 14:00:31,-20.73,139.5,25,21,71.86999999999996,4.1
yumen,CN,2020-04-11 14:00:31,40.28,97.2,82,21,47.20999999999998,3.13
goderich,CA,2020-04-11 14:00:31,43.75,-81.72,21,53,50.26999999999996,0.45
vicuna,CL,2020-04-11 14:00:31,-30.03,-70.71,92,63,64.66999999999996,4.6
guanica,PR,2020-04-11 14:00:31,17.97,-66.91,1,66,91.27400000000002,3.6
aksu,CN,2020-04-11 14:00:32,41.12,80.26,81,19,61.196000000000055,0.96
point pedro,LK,2020-04-11 14:00:32,9.82,80.23,0,75,83.76799999999999,6.13
tasiilaq,GL,2020-04-11 14:00:32,65.61,-37.64,40,90,32.26999999999996,7.2
puteyets,RU,2020-04-11 14:00:32,65.17,57.09,88,95,18.625999999999987,1.37
hobart,AU,2020-04-11 13:58:28,-42.88,147.33,90,62,52.26799999999999,4.1
lasa,IT,2020-04-11 13:56:50,46.62,10.7,42,37,75.46999999999997,1
tumannyy,,,,,,,,
kahului,US,2020-04-11 14:00:32,20.89,-156.47,20,83,74.26400000000004,2.6
esperance,AU,2020-04-11 14:00:33,-33.87,121.9,81,68,68.26999999999995,7.7
ponta do sol,PT,2020-04-11 13:57:27,32.67,-17.1,75,68,64.66999999999996,5.7
carolina,PR,2020-04-11 14:00:33,18.38,-65.96,40,74,89.27599999999998,4.6
atuona,PF,2020-04-11 14:00:33,-9.8,-139.03,97,72,82.54399999999998,3.57
maracas,BR,2020-04-11 14:00:33,-13.44,-40.43,64,67,75.79399999999998,2.17
cayenne,GF,2020-04-11 14:00:04,4.93,-52.33,75,62,86.26999999999995,6.2
qui nhon,VN,2020-04-11 13:57:59,13.77,109.23,100,85,78.60199999999998,1
gombe,NG,2020-04-11 14:00:33,10.29,11.17,100,21,85.28000000000004,3.5
leningradskiy,RU,2020-04-11 13:55:41,69.38,178.42,100,84,8.114000000000033,1.84
georgetown,MY,2020-04-11 14:00:34,5.41,100.34,20,88,84.46999999999997,2.1
port alfred,ZA,2020-04-11 14:00:34,-33.59,26.89,100,91,68.26999999999995,0.45
mys shmidta,,,,,,,,
yellowknife,CA,2020-04-11 13:58:32,62.46,-114.35,20,56,12.46999999999996,6.2
aswan,EG,2020-04-11 14:00:34,24.09,32.91,0,19,75.46999999999997,7.2
mayo,US,2020-04-11 13:57:19,38.89,-76.51,20,32,59.26999999999996,5.7
avarua,CK,2020-04-11 14:00:34,-21.21,-159.78,65,100,79.06999999999996,1
qaanaaq,GL,2020-04-11 14:00:34,77.48,-69.36,77,78,14.14399999999997,1.49
east london,ZA,2020-04-11 14:00:35,-33.02,27.91,100,74,74.31799999999998,5.76
auki,SB,2020-04-11 14:00:35,-8.77,160.7,98,76,82.00399999999996,2.58
dikson,RU,2020-04-11 14:00:35,73.51,80.55,100,92,13.801999999999975,2.62
hilo,US,2020-04-11 14:00:05,19.73,-155.09,20,77,72.26600000000002,0.57
vizinga,RU,2020-04-11 14:00:35,61.07,50.1,99,96,24.835999999999967,1.35
grand centre,,,,,,,,
new norfolk,AU,2020-04-11 14:00:35,-42.78,147.06,90,62,52.26799999999999,4.1
airai,TL,2020-04-11 14:00:35,-8.93,125.41,49,72,61.23200000000001,0.66
xining,CN,2020-04-11 13:55:53,36.62,101.77,0,24,37.36400000000003,0.19
tsihombe,,,,,,,,
lexington,US,2020-04-11 14:00:21,37.99,-84.48,75,37,60.27799999999996,4.1
olafsvik,IS,2020-04-11 14:00:36,64.89,-23.71,37,77,38.13800000000005,13.7
rincon,US,2020-04-11 13:59:43,32.3,-81.24,40,28,75.27200000000005,3.1
linguere,SN,2020-04-11 14:00:36,15.4,-15.12,4,7,107.15,2.07
nikolskoye,RU,2020-04-11 14:00:36,59.7,30.79,75,69,37.66999999999996,1
vila franca do campo,PT,2020-04-11 14:00:37,37.72,-25.43,20,63,62.86999999999996,8.2
lebu,CL,2020-04-11 13:59:24,-37.62,-73.65,0,56,59.97200000000004,7.26
concordia,AR,2020-04-11 13:58:42,-31.39,-58.02,40,53,77.26999999999995,3.1
westport,US,2020-04-11 14:00:13,41.14,-73.36,40,27,53.27599999999999,6.2
ayan,RU,2020-04-11 14:00:37,56.45,138.17,0,89,31.85600000000003,6.81
boa vista,BR,2020-04-11 14:00:37,2.82,-60.67,75,39,95.26999999999995,7.7
nome,US,2020-04-11 14:00:37,64.5,-165.41,40,92,21.469999999999956,3.6
souillac,MU,2020-04-11 14:00:37,-20.52,57.52,75,73,78.27799999999996,6.2
durango,MX,2020-04-11 14:00:37,24.83,-104.83,46,9,76.71199999999996,12.62
aklavik,CA,2020-04-11 14:00:37,68.22,-135.01,20,84,7.069999999999958,2.6
nizhneyansk,,,,,,,,
port-cartier,CA,2020-04-11 14:00:38,50.03,-66.87,75,38,41.26999999999996,7.7
kavieng,PG,2020-04-11 14:00:38,-2.57,150.8,97,74,83.19200000000001,2.09
galgani,,,,,,,,
camana,PE,2020-04-11 13:57:10,-16.62,-72.71,81,70,75.61400000000003,4.14
ocampo,MX,2020-04-11 14:00:38,21.65,-101.5,26,9,77.01799999999999,7.98
mari-turek,RU,2020-04-11 14:00:38,56.79,49.62,100,94,34.34000000000002,3.22
yar-sale,RU,2020-04-11 14:00:38,66.83,70.83,70,95,20.06600000000001,5.13
itarema,BR,2020-04-11 14:00:38,-2.92,-39.92,100,75,84.72200000000004,3.79
vaini,TO,2020-04-11 14:00:38,-21.2,-175.2,20,100,64.66999999999996,1.5
kenora,CA,2020-04-11 13:59:30,49.82,-94.43,90,58,34.06999999999996,4.1
cherskiy,RU,2020-04-11 14:00:39,68.75,161.3,100,96,11.983999999999991,5.16
mandalgovi,MN,2020-04-11 14:00:39,45.76,106.27,0,31,38.87599999999999,4.65
kaseda,JP,2020-04-11 14:00:39,31.42,130.32,100,82,55.274000000000015,1.79
mrirt,,,,,,,,
shenjiamen,CN,2020-04-11 14:00:39,29.96,122.3,100,77,50.63000000000004,13.44
huron,US,2020-04-11 14:00:39,41.15,-82.55,90,37,55.274000000000015,5.1
kodiak,US,2020-04-11 14:00:40,57.79,-152.41,90,80,39.469999999999956,7.7
bluff,NZ,2020-04-11 14:00:40,-46.6,168.33,100,74,54.266000000000005,1.34
bambous virieux,MU,2020-04-11 14:00:40,-20.34,57.76,75,73,78.27799999999996,6.2
road town,VG,2020-04-11 14:00:40,18.42,-64.62,20,66,86.26999999999995,2.6
chippewa falls,US,2020-04-11 14:00:40,44.94,-91.39,1,25,56.26400000000004,2.42
havre-saint-pierre,CA,2020-04-11 14:00:40,50.23,-63.6,75,48,39.469999999999956,5.7
carnarvon,AU,2020-04-11 14:00:40,-24.87,113.63,40,100,77.26999999999995,6.7
riyadh,SA,2020-04-11 14:00:10,24.69,46.72,75,28,82.66999999999996,5.1
belushya guba,,,,,,,,
viligili,,,,,,,,
morondava,MG,2020-04-11 14:00:41,-20.28,44.28,77,81,80.34800000000003,3.26
haines junction,CA,2020-04-11 14:00:41,60.75,-137.51,0,74,26.833999999999993,0.21
grand river south east,,,,,,,,
puerto escondido,MX,2020-04-11 14:00:41,15.85,-97.07,5,74,79.06999999999996,4.6
bethel,US,2020-04-11 14:00:41,41.37,-73.41,40,27,53.27599999999999,6.2
broome,US,2020-04-11 13:56:26,42.25,-75.83,75,41,46.274000000000015,6.2
agadez,NE,2020-04-11 14:00:41,19.75,10.25,45,13,82.88599999999997,1.68
hithadhoo,MV,2020-04-11 14:00:42,-0.6,73.08,49,65,85.334,2.99
grand gaube,MU,2020-04-11 14:00:42,-20.01,57.66,75,73,78.27799999999996,6.2
saint anthony,US,2020-04-11 14:00:42,45.02,-93.22,1,28,58.26199999999996,1.5
lavrentiya,RU,2020-04-11 14:00:42,65.58,-171,99,98,28.111999999999956,4.7
sinop,TR,2020-04-11 14:00:42,41.77,34.87,28,72,41.54000000000002,2.62
leh,IN,2020-04-11 14:00:42,34.17,77.58,17,17,35.6,0.51
roald,NO,2020-04-11 14:00:42,62.58,6.13,100,93,47.26400000000003,3.1
rio grande,BR,2020-04-11 14:00:06,-32.03,-52.1,40,53,75.46999999999997,4.1
amderma,,,,,,,,
attawapiskat,,,,,,,,
phalodi,IN,2020-04-11 14:00:43,27.13,72.37,19,21,89.29399999999998,3.63
chuy,UY,2020-04-11 14:00:43,-33.7,-53.46,24,55,70.73599999999996,2.85
lompoc,US,2020-04-11 13:57:28,34.64,-120.46,40,72,67.26199999999996,3.6
vitim,RU,2020-04-11 14:00:43,59.45,112.56,100,94,30.325999999999986,1.8
tuktoyaktuk,CA,2020-04-11 14:00:43,69.45,-133.04,75,76,-5.529999999999994,2.1
richards bay,ZA,2020-04-11 14:00:43,-28.78,32.04,5,79,74.37200000000004,7.08
margate,GB,2020-04-11 14:00:43,51.38,1.39,23,71,67.26199999999996,3.6
beringovskiy,RU,2020-04-11 14:00:43,63.05,179.32,94,93,7.39399999999997,4.92
verkhnyaya inta,RU,2020-04-11 14:00:44,65.98,60.31,57,94,15.67400000000001,2.17
lalomanu,,,,,,,,
san cristobal,VE,2020-04-11 13:57:36,7.77,-72.22,40,43,91.66999999999996,10.3
san pedro,PH,2020-04-11 14:00:44,14.35,121.02,40,74,82.66999999999996,1.5
hirara,JP,2020-04-11 14:00:44,24.8,125.28,94,84,70.62799999999996,11.04
saint-philippe,RE,2020-04-11 13:55:47,-21.36,55.77,57,83,77.26999999999995,2.6
bandarbeyla,SO,2020-04-11 14:00:44,9.49,50.81,2,72,81.89600000000004,5.76
albany,US,2020-04-11 13:58:02,42.6,-73.97,75,36,49.26199999999996,8.2
barentsburg,,,,,,,,
gizo,SB,2020-04-11 14:00:44,-8.1,156.84,97,79,81.95,2.93
gravdal,NO,2020-04-11 14:00:07,68.12,13.5,100,80,35.67200000000004,4.32
sao jose da coroa grande,BR,2020-04-11 14:00:45,-8.9,-35.15,62,63,86.07200000000003,4.59
sao joao da barra,BR,2020-04-11 14:00:45,-21.64,-41.05,75,69,79.06999999999996,4.1
weihai,CN,2020-04-11 14:00:45,37.5,122.11,15,69,46.742,5.81
dingle,PH,2020-04-11 14:00:45,11,122.67,2,73,77.66600000000001,2.54
fort nelson,CA,2020-04-11 14:00:45,58.81,-122.7,75,58,25.069999999999958,1.5
penzance,GB,2020-04-11 14:00:45,50.12,-5.54,76,63,64.66999999999996,1
usinsk,RU,2020-04-11 14:00:45,65.99,57.53,6,94,14.99000000000002,1.51
marsh harbour,BS,2020-04-11 14:00:46,26.54,-77.06,95,70,73.88599999999997,5.78
cabrero,CL,2020-04-11 14:00:46,-37.03,-72.4,32,55,66.46999999999997,7.2
seeboden,AT,2020-04-11 14:00:46,46.82,13.49,40,39,68.26999999999995,1.5
mentok,,,,,,,,
alice springs,AU,2020-04-11 13:58:39,-23.7,133.88,44,33,59.26999999999996,2.6
el alto,PE,2020-04-11 14:00:46,-4.27,-81.21,97,100,62.86999999999996,4.1
codrington,AU,2020-04-11 14:00:46,-38.27,141.97,64,73,51.63800000000005,5.23
coihaique,CL,2020-04-11 13:57:55,-45.58,-72.07,40,46,53.86999999999996,2.6
nizwa,OM,2020-04-11 14:00:47,22.93,57.53,94,21,84.34399999999997,5.11
pachino,IT,2020-04-11 13:56:19,36.72,15.09,60,63,62.27599999999999,2.6
pointe-noire,CG,2020-04-11 14:00:47,-4.78,11.86,20,79,84.46999999999997,2.1
jamame,SO,2020-04-11 14:00:47,0.07,42.75,70,72,84.434,4.45
daru,PG,2020-04-11 14:00:47,-9.08,143.21,86,85,79.96999999999997,4.64
los llanos de aridane,ES,2020-04-11 14:00:47,28.66,-17.92,75,68,70.06999999999996,4.6
doka,SD,2020-04-11 14:00:47,13.52,35.77,11,13,90.392,5.8
viedma,AR,2020-04-11 13:59:15,-40.81,-63,100,55,66.12799999999996,8.86
comodoro rivadavia,AR,2020-04-11 13:59:48,-45.87,-67.5,20,38,61.069999999999965,6.2
palabuhanratu,,,,,,,,
veraval,IN,2020-04-11 14:00:48,20.9,70.37,2,64,80.49199999999999,5.76
pauini,BR,2020-04-11 14:00:48,-7.71,-66.98,75,58,90.35600000000002,1.26
ozernovskiy,RU,2020-04-11 14:00:48,51.5,156.52,1,93,28.4,3.58
bara,NG,2020-04-11 14:00:48,10.37,10.73,100,20,85.64000000000001,2.77
cabo san lucas,MX,2020-04-11 13:58:43,22.89,-109.91,40,48,78.27799999999996,8.2
mahebourg,MU,2020-04-11 14:00:48,-20.41,57.7,75,73,78.27799999999996,6.2
pastavy,BY,2020-04-11 13:57:55,55.12,26.83,8,68,37.85,2.49
sananduva,BR,2020-04-11 14:00:49,-27.95,-51.81,0,37,71.43800000000005,1.7
dunedin,NZ,2020-04-11 14:00:49,-45.87,170.5,78,85,52.26799999999999,1.58
pahrump,US,2020-04-11 14:00:49,36.21,-115.98,1,47,66.27200000000005,2.6
henties bay,NA,2020-04-11 14:00:49,-22.12,14.28,0,58,72.91400000000004,4.62
luocheng,CN,2020-04-11 14:00:49,29.38,104.03,71,60,57.16400000000003,0.85
tiksi,RU,2020-04-11 14:00:49,71.69,128.87,28,94,17.78000000000004,7.79
ribeira grande,PT,2020-04-11 14:00:49,38.52,-28.7,20,77,64.66999999999996,2.1
motygino,RU,2020-04-11 14:00:49,58.18,94.76,13,94,29.641999999999996,0.71
taoudenni,ML,2020-04-11 14:00:49,22.68,-3.98,0,7,100.56199999999995,1.73
narsaq,GL,2020-04-11 14:00:50,60.92,-46.05,75,23,53.86999999999996,8.7
tilichiki,RU,2020-04-11 14:00:50,60.47,166.1,3,89,0.7879999999999932,2.87
hendijan,,,,,,,,
fuling,CN,2020-04-11 14:00:50,29.7,107.39,43,74,54.859999999999985,1.67
maragogi,BR,2020-04-11 13:56:08,-9.01,-35.22,53,61,86.45,4.83
college,US,2020-04-11 13:59:21,64.86,-147.8,75,85,33.27799999999996,2.1
namibe,AO,2020-04-11 14:00:50,-15.2,12.15,4,67,77.63000000000005,2.69
severo-kurilsk,RU,2020-04-11 14:00:50,50.68,156.12,57,94,27.175999999999988,4.89
ponferrada,ES,2020-04-11 14:00:51,42.55,-6.6,100,74,57.272000000000034,1.79
pacific grove,US,2020-04-11 14:00:51,36.62,-121.92,90,82,58.26199999999996,2.1
vardo,NO,2020-04-11 14:00:51,70.37,31.11,98,89,29.03000000000004,4.67
lata,PT,2020-04-11 14:00:51,40.16,-8.33,75,77,64.27400000000002,5.1
warqla,,,,,,,,
north providence,US,2020-04-11 13:58:08,41.85,-71.47,20,33,53.27599999999999,6.2
santa cruz,BO,2020-04-11 14:00:51,-17.8,-63.17,21,35,88.06999999999996,2.1
babanusah,,,,,,,,
shahreza,IR,2020-04-11 14:00:51,32.03,51.88,19,30,58.38800000000005,4.33
shahrud,IR,2020-04-11 13:59:05,36.42,54.98,10,44,55.92200000000004,0.6
male,MV,2020-04-11 14:00:52,4.17,73.51,75,74,86.26999999999995,1.5
gorontalo,ID,2020-04-11 14:00:52,0.54,123.06,5,86,73.70600000000003,1.6
esso,RU,2020-04-11 14:00:52,55.93,158.7,82,87,10.849999999999998,1.17
choszczno,PL,2020-04-11 14:00:52,53.17,15.42,100,37,54.266000000000005,2.6
fairhope,US,2020-04-11 14:00:53,30.52,-87.9,1,40,73.27400000000002,4.1
pisco,PE,2020-04-11 14:00:53,-13.7,-76.22,1,30,74.26400000000004,4.6
knysna,ZA,2020-04-11 14:00:53,-34.04,23.05,100,88,62.86999999999996,1.5
miyako,JP,2020-04-11 14:00:53,39.64,141.95,20,73,39.182000000000016,2.6
turbat,PK,2020-04-11 14:00:53,26,63.04,69,38,83.73200000000003,2.25
ancud,CL,2020-04-11 13:58:27,-41.87,-73.82,15,50,55.66999999999996,3.1
astana,KZ,2020-04-11 13:58:56,51.18,71.45,97,65,41.26999999999996,6
kamien pomorski,PL,2020-04-11 14:00:54,53.97,14.77,100,37,55.274000000000015,2.6
nanortalik,GL,2020-04-11 14:00:54,60.14,-45.24,95,69,39.57799999999996,12.3
zyryanka,RU,2020-04-11 14:00:54,65.75,150.85,4,93,15.656000000000027,2.55
kudahuvadhoo,MV,2020-04-11 14:00:54,2.67,72.89,5,63,85.53200000000001,1.54
kavaratti,IN,2020-04-11 14:00:54,10.57,72.64,1,68,85.28000000000004,1.8
kaabong,UG,2020-04-11 14:00:54,3.48,34.15,73,32,75.50600000000003,4.76
broken hill,AU,2020-04-11 14:00:55,-31.95,141.43,0,61,50.26999999999996,3.6
fortuna,US,2020-04-11 14:00:55,40.6,-124.16,90,93,56.26400000000004,4.1
cayhagan,PH,2020-04-11 14:00:55,9.67,122.43,2,74,80.726,2.28
burnie,AU,2020-04-11 14:00:55,-41.07,145.92,35,64,52.26799999999999,3.58
altay,CN,2020-04-11 14:00:55,47.87,88.12,64,39,43.98800000000004,2.28
bend,US,2020-04-11 13:59:21,44.06,-121.32,1,19,59.26999999999996,7.2
natal,BR,2020-04-11 13:59:46,-5.79,-35.21,20,66,88.06999999999996,6.2
hermon,US,2020-04-11 14:00:56,44.81,-68.91,90,44,43.26799999999999,3.6
geraldton,AU,2020-04-11 13:57:35,-28.77,114.6,29,94,72.26600000000002,1.5
at-bashi,KG,2020-04-11 14:00:56,41.17,75.81,100,23,46.11199999999995,1.76
upernavik,GL,2020-04-11 14:00:56,72.79,-56.15,100,90,21.991999999999997,0.63
brookhaven,US,2020-04-11 13:56:43,31.58,-90.44,1,42,71.27599999999998,3.6
victoria,HK,2020-04-11 13:58:55,22.29,114.16,40,88,68.26999999999995,4.6
miyoshi,JP,2020-04-11 14:00:56,35.08,137.07,75,53,52.069999999999965,4.6
pevek,RU,2020-04-11 13:57:37,69.7,170.31,98,93,5.756000000000029,6.26
saint-pierre,RE,2020-04-11 14:00:56,-21.34,55.48,43,83,77.26999999999995,2.6
abrau-dyurso,RU,2020-04-11 14:00:57,44.69,37.59,52,51,39.469999999999956,3.64
nizhniy kuranakh,RU,2020-04-11 14:00:57,58.84,125.49,66,78,33.76400000000003,1.52
brae,GB,2020-04-11 13:56:32,60.4,-1.35,97,93,46.66999999999996,9.8
ahipara,NZ,2020-04-11 13:57:13,-35.17,173.17,43,80,62.47400000000002,5
ventspils,LV,2020-04-11 13:56:52,57.39,21.56,38,93,41.26999999999996,3.1
kirkwood,US,2020-04-11 13:57:14,38.58,-90.41,90,33,60.27799999999996,5.7
saint george,US,2020-04-11 14:00:17,37.1,-113.58,1,58,61.26799999999999,2.18
longyearbyen,SJ,2020-04-11 14:00:08,78.22,15.64,20,64,-0.12999999999998835,1
griffith,US,2020-04-11 13:58:26,41.53,-87.42,1,43,63.266000000000005,5.1
cairns,AU,2020-04-11 14:00:02,-16.92,145.77,90,94,75.46999999999997,1.64
diapaga,BF,2020-04-11 14:00:57,12.07,1.79,77,14,97.7,3.97
klaksvik,FO,2020-04-11 14:00:58,62.23,-6.59,100,100,44.86999999999996,2.6
nishihara,JP,2020-04-11 14:00:58,26.18,127.76,90,88,70.06999999999996,3.1
salina cruz,MX,2020-04-11 14:00:58,16.17,-95.2,39,54,90.44600000000005,3.81
corinto,GR,2020-04-11 13:56:17,37.94,22.96,0,52,69.27799999999996,0.92
arraial do cabo,BR,2020-04-11 14:00:59,-22.97,-42.03,75,83,75.46999999999997,4.6
kieta,PG,2020-04-11 14:00:08,-6.22,155.63,84,79,79.96999999999997,1.63
tura,IN,2020-04-11 14:00:59,25.52,90.22,17,37,74.94800000000004,1.42
hambantota,LK,2020-04-11 14:00:59,6.12,81.12,16,79,82.45399999999995,5.19
khudumelapye,BW,2020-04-11 14:00:59,-23.88,24.75,73,33,74.87599999999999,3.77
middle valley,US,2020-04-11 14:00:59,35.2,-85.18,20,27,67.26199999999996,2.53
sentyabrskiy,,,,,,,,
adilcevaz,TR,2020-04-11 14:01:00,38.8,42.73,75,70,43.06999999999996,2.1
corleone,IT,2020-04-11 14:01:00,37.81,13.3,0,77,62.86999999999996,6.2
tchollire,CM,2020-04-11 14:01:00,8.4,14.17,100,36,84.18200000000002,2.8
manokwari,ID,2020-04-11 14:01:00,-0.87,134.08,83,70,81.19399999999997,0.92
chagda,,,,,,,,
saint-augustin,CA,2020-04-11 14:01:00,51.23,-58.65,100,95,33.44000000000002,2.64
port hedland,AU,2020-04-11 14:01:00,-20.32,118.57,0,78,75.46999999999997,2.6
muros,ES,2020-04-11 14:01:01,42.78,-9.06,75,87,61.26799999999999,3.1
koutsouras,GR,2020-04-11 14:01:01,35.03,25.95,0,33,65.26400000000004,4.92
kirovskiy,RU,2020-04-11 14:01:01,45.09,133.51,0,90,32.07200000000004,1.63
huilong,CN,2020-04-11 14:00:44,31.81,121.66,72,85,53.27599999999999,7.75
petropavlovsk-kamchatskiy,RU,2020-04-11 14:01:01,53.05,158.65,75,79,28.66999999999996,2.81
touros,BR,2020-04-11 14:01:01,-5.2,-35.46,20,66,88.06999999999996,6.2
saldanha,ZA,2020-04-11 14:01:02,-33.01,17.94,85,82,66.46999999999997,2.1
marcona,,,,,,,,
taltal,CL,2020-04-11 14:01:02,-25.4,-70.48,14,60,70.10600000000002,2.63
kailua,US,2020-04-11 14:01:02,21.4,-157.74,40,73,75.46999999999997,2.1
hasaki,JP,2020-04-11 14:01:02,35.73,140.83,75,87,48.469999999999956,3.1
wanlaweyn,SO,2020-04-11 13:56:37,2.62,44.89,54,61,84.66799999999998,6.64
capim grosso,BR,2020-04-11 14:01:02,-11.38,-40.01,99,55,84.45199999999997,1.23
caravelas,BR,2020-04-11 13:57:19,-17.71,-39.25,45,78,82.13000000000005,5.51
yuanping,CN,2020-04-11 14:01:02,38.72,112.76,0,33,44.977999999999966,2.22
zhuozhou,,,,,,,,
jacareacanga,BR,2020-04-11 14:01:03,-6.22,-57.75,100,71,83.24600000000005,2.52
ashland,US,2020-04-11 14:01:03,40.82,-82.27,90,37,54.266000000000005,4.6
chalus,IR,2020-04-11 14:01:03,36.66,51.42,75,93,52.069999999999965,5.1
honiara,SB,2020-04-11 14:01:01,-9.43,159.95,75,100,75.46999999999997,2.6
aflu,,,,,,,,
iqaluit,CA,2020-04-11 14:01:03,63.75,-68.51,90,79,23.26999999999996,1.12
lorengau,PG,2020-04-11 13:58:39,-2.02,147.27,55,75,81.98599999999996,1.24
matagami,CA,2020-04-11 14:01:04,49.75,-77.63,90,68,28.66999999999996,5.1
zatec,CZ,2020-04-11 14:00:03,50.33,13.55,58,38,59.26999999999996,3.1
pamanukan,ID,2020-04-11 14:01:04,-6.28,107.81,15,76,81.59000000000003,0.89
denpasar,ID,2020-04-11 13:58:15,-8.65,115.22,40,88,82.66999999999996,0.5
sambava,MG,2020-04-11 14:01:04,-14.27,50.17,3,83,77.0,4.08
flinders,AU,2020-04-11 14:01:04,-34.58,150.86,3,50,55.274000000000015,6.7
ridgecrest,US,2020-04-11 14:01:04,35.62,-117.67,1,71,63.266000000000005,1.47
gimli,CA,2020-04-11 13:57:06,50.63,-96.99,65,55,33.27799999999996,6.71
gigmoto,PH,2020-04-11 14:01:05,13.78,124.39,19,77,81.08599999999997,2.14
kaunas,LT,2020-04-11 14:00:29,54.9,23.9,26,36,46.66999999999996,2.2
kaitangata,NZ,2020-04-11 14:01:05,-46.28,169.85,87,86,52.26799999999999,0.45
oktyabrskiy,RU,2020-04-11 14:01:05,54.48,53.47,100,76,42.22400000000001,4.46
launceston,AU,2020-04-11 13:55:24,-41.45,147.17,24,93,50.26999999999996,1.29
srednekolymsk,RU,2020-04-11 14:01:05,67.45,153.68,1,95,15.22400000000001,4.28
bandiagara,ML,2020-04-11 14:01:06,14.35,-3.61,49,20,95.66600000000001,5.04
hualmay,PE,2020-04-11 14:01:06,-11.1,-77.61,51,65,78.27799999999996,4.57
senador jose porfirio,BR,2020-04-11 14:01:06,-2.59,-51.95,99,83,78.99800000000002,0.73
abalak,RU,2020-04-11 14:01:06,58.13,68.59,40,86,37.36400000000003,2.31
port macquarie,AU,2020-04-11 14:01:06,-31.43,152.92,0,38,61.069999999999965,5.1
eau claire,US,2020-04-11 13:59:21,44.81,-91.5,1,25,56.26400000000004,2.21
sijunjung,ID,2020-04-11 14:01:06,-0.69,100.95,100,81,75.03800000000004,0.47
robertsport,LR,2020-04-11 14:01:07,6.75,-11.37,65,71,83.73200000000003,4.06
tarija,BO,2020-04-11 13:56:36,-21.54,-64.73,0,16,76.24399999999997,0.75
faya,SA,2020-04-11 14:01:07,18.39,42.45,20,82,66.46999999999997,3.6
camopi,GF,2020-04-11 14:01:07,3.17,-52.32,70,69,85.15399999999995,2.78
auch,FR,2020-04-11 14:01:07,43.65,0.58,48,59,69.27799999999996,6.2
tecoanapa,MX,2020-04-11 14:01:07,16.52,-98.75,42,45,89.042,5.1
bijie,CN,2020-04-11 14:01:07,27.31,105.29,98,52,48.866000000000014,1.28
poum,NC,2020-04-11 14:01:07,-20.23,164.02,37,72,78.08000000000004,4.61
cheremshan,RU,2020-04-11 14:01:08,54.67,51.5,100,59,43.483999999999995,3.87
necochea,AR,2020-04-11 13:59:35,-38.55,-58.74,6,53,77.26999999999995,3.58
cervo,ES,2020-04-11 14:01:08,43.67,-7.41,98,1,58.26199999999996,1.34
porosozero,RU,2020-04-11 14:01:08,62.72,32.73,57,91,28.49000000000002,1.64
udachnyy,RU,2020-04-11 14:01:08,66.42,112.4,90,63,28.66999999999996,3
barra patuca,HN,2020-04-11 14:01:08,15.8,-84.28,41,66,85.19000000000003,7.36
san patricio,MX,2020-04-11 14:01:08,19.22,-104.7,40,74,86.26999999999995,5.1
bloomsburg,US,2020-04-11 14:01:09,41,-76.45,75,42,53.27599999999999,3.1
praia da vitoria,PT,2020-04-11 14:01:09,38.73,-27.07,20,72,64.66999999999996,5.26
havoysund,NO,2020-04-11 14:01:09,71,24.66,100,86,28.66999999999996,3.1
chiang klang,TH,2020-04-11 14:00:34,19.29,100.86,19,42,79.55600000000004,1.05
half moon bay,US,2020-04-11 14:00:16,37.46,-122.43,90,81,58.26199999999996,2.6
castrillon,ES,2020-04-11 14:01:09,43.4,-6.79,75,87,58.26199999999996,2.6
coari,BR,2020-04-11 14:01:09,-4.08,-63.14,75,77,86.558,0.95
bathsheba,BB,2020-04-11 14:01:10,13.22,-59.52,40,55,88.06999999999996,6.7
namatanai,PG,2020-04-11 13:56:14,-3.67,152.43,84,75,82.00399999999996,1.87
lewisporte,CA,2020-04-11 14:01:10,49.25,-55.05,75,64,39.469999999999956,7.7
norman wells,CA,2020-04-11 14:01:10,65.28,-126.83,75,85,25.069999999999958,3.6
itigi,TZ,2020-04-11 14:01:10,-5.7,34.48,90,66,64.868,2.26
west wendover,US,2020-04-11 14:01:10,40.74,-114.07,1,27,62.86999999999996,7.2
luderitz,NA,2020-04-11 14:01:10,-26.65,15.16,0,49,73.66999999999996,4.1
tiznit,MA,2020-04-11 14:00:21,29.58,-9.5,100,60,62.88800000000005,3.47
coquimbo,CL,2020-04-11 13:56:14,-29.95,-71.34,100,63,64.66999999999996,4.6
garachine,PA,2020-04-11 14:01:11,8.06,-78.36,55,79,82.976,1.87
tubruq,,,,,,,,
sao filipe,CV,2020-04-11 13:59:12,14.9,-24.5,10,69,77.97200000000004,5.16
czarnkow,PL,2020-04-11 14:01:11,52.9,16.56,100,26,56.26400000000004,1.5
aljezur,PT,2020-04-11 14:01:11,37.32,-8.8,10,81,67.26199999999996,6.29
pokosnoye,RU,2020-04-11 14:01:11,55.53,101.05,93,85,29.75,2.2
benin,BJ,2020-04-11 14:01:12,9.5,2.25,32,28,91.38200000000002,1.91
novomalorossiyskaya,RU,2020-04-11 14:01:12,45.63,39.89,28,59,44.67200000000004,4
vao,NC,2020-04-11 14:01:12,-22.67,167.48,13,76,76.02799999999996,6.18
sibu,MY,2020-04-11 14:01:12,2.3,111.82,75,94,77.26999999999995,1.5
port blair,IN,2020-04-11 14:01:12,11.67,92.75,67,71,83.03000000000004,2.99
san fernando,PH,2020-04-11 14:01:12,15.03,120.69,75,88,82.66999999999996,2.6
yinchuan,CN,2020-04-11 14:00:45,38.47,106.27,0,12,44.27599999999999,2.24
palm coast,US,2020-04-11 13:56:52,29.59,-81.21,1,47,79.26799999999999,5.1
rawson,AR,2020-04-11 13:59:01,-43.3,-65.1,3,29,64.076,7.42
atasu,KZ,2020-04-11 14:01:13,48.68,71.64,93,51,42.817999999999984,4.68
san matias,BO,2020-04-11 14:01:13,-16.37,-58.4,4,45,89.38399999999999,1.21
baghmara,IN,2020-04-11 14:01:13,23.8,86.21,0,14,83.75,2.33
pidhaytsi,UA,2020-04-11 14:01:13,49.27,25.13,22,28,55.66999999999996,3
swellendam,ZA,2020-04-11 14:01:14,-34.02,20.44,100,82,64.66999999999996,1.5
lilongwe,MW,2020-04-11 14:01:14,-13.97,33.79,99,68,65.51600000000002,1.48
rock sound,BS,2020-04-11 14:01:14,24.9,-76.2,56,85,75.72200000000004,7.24
lanzhou,CN,2020-04-11 14:01:14,36.06,103.79,1,28,49.26199999999996,4
sawtell,AU,2020-04-11 14:01:14,-30.38,153.1,0,48,64.66999999999996,5.7
shimoda,JP,2020-04-11 14:01:15,34.67,138.95,100,85,52.26799999999999,1.57
nelson bay,AU,2020-04-11 14:01:15,-32.72,152.15,1,50,58.26199999999996,4.6
loukhi,RU,2020-04-11 14:01:15,66.08,33.04,41,93,23.467999999999982,2.12
marti,CU,2020-04-11 14:01:15,22.95,-80.92,20,55,89.86999999999996,4.1
smoky lake,CA,2020-04-11 13:58:25,54.12,-112.47,57,87,20.98399999999999,6.78
north bend,US,2020-04-11 13:57:10,43.41,-124.22,90,81,55.274000000000015,4.1
chichihualco,MX,2020-04-11 14:01:15,17.68,-99.65,3,12,94.334,1.83
prelouc,CZ,2020-04-11 14:01:15,50.04,15.56,53,29,61.069999999999965,2.1
solenzo,BF,2020-04-11 14:01:16,12.18,-4.08,72,19,99.33800000000005,0.86
aitape,PG,2020-04-11 14:01:16,-3.14,142.35,77,86,79.21400000000003,1.59
san juan,AR,2020-04-11 14:01:16,-31.54,-68.54,69,28,78.89000000000001,3.72
rocha,UY,2020-04-11 14:01:16,-34.48,-54.33,42,58,70.03399999999999,2.3
lazaro cardenas,MX,2020-04-11 14:01:16,17.96,-102.2,11,53,85.94600000000005,3.73
saskylakh,RU,2020-04-11 14:01:16,71.92,114.08,87,90,5.035999999999966,7.92
vaitupu,,,,,,,,
nouakchott,MR,2020-04-11 14:01:08,18.09,-15.98,21,33,91.66999999999996,7.2
manthani,IN,2020-04-11 14:01:17,18.65,79.67,0,19,87.94399999999997,1.4
thunder bay,CA,2020-04-11 14:01:17,48.4,-89.32,75,56,45.266000000000005,8.2
chifeng,CN,2020-04-11 14:01:17,42.27,118.96,0,41,43.538000000000046,3.31
behbahan,IR,2020-04-11 14:01:17,30.6,50.24,40,21,80.86999999999996,5.1
pyaozerskiy,RU,2020-04-11 14:01:17,65.83,31.17,41,92,27.19399999999997,2.7
terre haute,US,2020-04-11 14:01:17,39.47,-87.41,1,31,63.266000000000005,7.2
lillooet,CA,2020-04-11 14:00:23,50.69,-121.94,1,31,48.469999999999956,6.7
mayumba,GA,2020-04-11 14:01:18,-3.43,10.66,100,87,79.06999999999996,3.13
paamiut,GL,2020-04-11 14:01:18,61.99,-49.67,94,71,40.53200000000002,2.65
katobu,ID,2020-04-11 14:01:18,-4.94,122.53,100,93,75.29000000000002,0.73
pitimbu,BR,2020-04-11 14:01:18,-7.47,-34.81,20,62,89.86999999999996,4.6
mar del plata,AR,2020-04-11 13:59:06,-38,-57.56,40,60,73.27400000000002,6.7
naze,JP,2020-04-11 14:01:18,28.37,129.48,75,88,66.46999999999997,6.2
impfondo,CG,2020-04-11 14:01:19,1.64,18.07,71,80,76.892,2.07
voh,NC,2020-04-11 14:01:19,-20.97,164.7,51,78,72.55399999999995,2.61
kodinsk,RU,2020-04-11 14:01:19,58.69,99.18,12,95,29.26400000000003,1.19
stokmarknes,NO,2020-04-11 14:01:19,68.56,14.91,98,88,32.26999999999996,0.45
awjilah,LY,2020-04-11 14:01:19,29.11,21.29,41,26,67.17200000000004,3.39
damghan,IR,2020-04-11 14:01:20,36.17,54.35,22,39,57.79399999999997,3.03
ibra,OM,2020-04-11 14:01:20,22.69,58.53,53,36,82.79600000000005,5.39
karamea,,,,,,,,
cabedelo,BR,2020-04-11 14:01:20,-6.98,-34.83,20,62,89.86999999999996,4.6
smithers,CA,2020-04-11 14:00:05,54.78,-127.17,5,43,34.06999999999996,1.5
shingu,JP,2020-04-11 14:01:20,33.73,135.98,100,52,49.98200000000001,1.77
fallon,US,2020-04-11 14:01:20,39.47,-118.78,1,44,63.266000000000005,2.6
kallithea,GR,2020-04-11 14:01:20,37.95,23.7,0,55,70.26799999999999,2.57
dutse,NG,2020-04-11 14:01:21,11.76,9.34,98,13,89.11400000000003,4.26
juegang,CN,2020-04-11 14:01:21,32.32,121.19,63,87,47.26400000000003,0.45
botou,CN,2020-04-11 14:01:21,38.07,116.57,0,41,49.60399999999996,3.28
solnechnyy,RU,2020-04-11 14:01:21,50.72,136.63,58,80,32.01799999999999,1.68
angoram,PG,2020-04-11 14:01:21,-4.06,144.07,100,97,75.55999999999997,1
mabaruma,GY,2020-04-11 14:01:21,8.2,-59.78,100,52,87.566,3.25
maihar,IN,2020-04-11 14:01:22,24.27,80.75,9,16,84.34399999999997,1.8
poli,TZ,2020-04-11 14:01:22,-3.33,36.8,75,88,73.66999999999996,5.7
zhezkazgan,KZ,2020-04-11 14:01:22,47.8,67.71,53,47,46.47200000000004,4.75
plattsburgh,US,2020-04-11 14:01:22,44.7,-73.45,90,41,42.27799999999996,3.6
alofi,NU,2020-04-11 14:01:22,-19.06,-169.92,100,100,66.46999999999997,0.5
mareeba,AU,2020-04-11 14:01:22,-17,145.43,90,94,75.46999999999997,0.69
constitucion,CL,2020-04-11 14:01:22,-35.33,-72.42,100,60,63.12200000000004,5.71
nabire,ID,2020-04-11 14:01:23,-3.37,135.48,87,89,77.26999999999995,0.94
san lawrenz,MT,2020-04-11 14:01:23,36.06,14.2,13,51,62.86999999999996,2.6
yatou,CN,2020-04-11 14:01:23,37.15,122.38,5,59,44.94199999999999,4.14
antigonish,CA,2020-04-11 14:01:23,45.62,-62,75,52,45.266000000000005,9.3
havelock,US,2020-04-11 13:58:29,34.88,-76.9,1,31,63.266000000000005,5.1
eyl,SO,2020-04-11 14:01:23,7.98,49.82,0,69,83.42599999999999,6.42
yulara,AU,2020-04-11 13:58:03,-25.24,130.99,63,23,61.069999999999965,2.6
falealupo,,,,,,,,
biak,ID,2020-04-11 14:01:24,-0.91,122.88,3,73,80.50999999999999,3.68
constanta,RO,2020-04-11 14:01:24,44.18,28.65,40,61,46.66999999999996,1.5
harper,LR,2020-04-11 14:01:24,4.38,-7.72,87,74,83.56999999999996,2.18
samalaeulu,,,,,,,,
whitianga,NZ,2020-04-11 14:01:24,-36.83,175.7,5,91,57.272000000000034,2.23
yangcun,CN,2020-04-11 14:01:24,39.36,117.06,0,34,52.069999999999965,1
beysehir,TR,2020-04-11 14:01:24,37.68,31.72,0,33,47.911999999999956,2.31
ekhabi,RU,2020-04-11 14:01:24,53.51,142.97,84,97,28.814000000000032,5.82
ustye,RU,2020-04-11 14:01:24,59.63,39.74,39,88,27.877999999999965,1.16
lavras,BR,2020-04-11 14:00:48,-21.25,-45,49,61,73.958,2.04
malanje,AO,2020-04-11 13:57:23,-9.54,16.34,86,68,68.35999999999999,0.6
whitehorse,CA,2020-04-11 14:01:25,60.72,-135.05,5,47,30.272000000000038,0.23
nazarovo,RU,2020-04-11 14:01:25,56.01,90.39,0,81,32.719999999999956,2.09
palmerston,AU,2020-04-11 14:01:25,-12.49,130.98,75,83,79.26799999999999,3.1
barawe,,,,,,,,
monastyrshchina,RU,2020-04-11 14:01:25,54.35,31.84,37,74,35.61799999999998,3.65
ossora,RU,2020-04-11 14:01:26,59.24,163.07,55,93,9.859999999999978,1.65
acarau,BR,2020-04-11 14:01:26,-2.89,-40.12,100,77,84.542,3.39
dehloran,IR,2020-04-11 14:01:26,32.69,47.27,0,27,70.10600000000002,2.01
maneadero,MX,2020-04-11 14:01:26,31.72,-116.57,39,79,62.27599999999999,0.45
abu samrah,SY,2020-04-11 14:01:26,35.3,37.18,29,65,55.616000000000014,4.73
sinnamary,GF,2020-04-11 14:01:26,5.38,-52.95,93,69,82.68800000000005,5.41
ostrovnoy,RU,2020-04-11 14:01:26,68.05,39.51,73,94,16.73599999999997,4.92
buala,SB,2020-04-11 14:01:26,-8.14,159.59,100,82,81.03200000000001,3.35
loa janan,ID,2020-04-11 14:01:26,-0.58,117.09,100,95,74.10199999999998,0.63
helong,CN,2020-04-11 14:01:27,42.54,129,34,80,31.388000000000044,0.35
guiratinga,BR,2020-04-11 14:01:27,-16.35,-53.76,32,58,84.46999999999997,1.51
charters towers,AU,2020-04-11 14:01:27,-20.1,146.27,70,68,72.75199999999998,0.99
lisburn,GB,2020-04-11 14:01:27,54.52,-6.04,53,59,62.86999999999996,2.1
along,IN,2020-04-11 14:01:28,28.17,94.77,34,47,67.02799999999996,1.73
guanare,VE,2020-04-11 14:01:28,9.04,-69.74,100,34,98.40199999999997,0.99
glenwood springs,US,2020-04-11 14:01:28,39.55,-107.32,1,25,55.66999999999996,1.5
melfi,IT,2020-04-11 14:01:28,41,15.65,5,32,70.06999999999996,3.6
mahaicony,,,,,,,,
pudozh,RU,2020-04-11 14:01:28,61.81,36.53,13,92,27.01400000000003,1.13
salalah,OM,2020-04-11 14:01:20,17.02,54.09,75,70,84.46999999999997,4.1
pitea,SE,2020-04-11 14:01:28,65.32,21.48,58,69,34.26799999999999,3.1
korla,CN,2020-04-11 14:01:29,41.76,86.15,17,21,59.07200000000004,1.64
ati,TD,2020-04-11 14:01:29,13.22,18.34,79,11,93.41600000000001,5.94
inverell,AU,2020-04-11 14:01:29,-29.78,151.12,0,78,50.26999999999996,3.24
nuuk,GL,2020-04-11 14:01:29,64.18,-51.72,99,69,39.469999999999956,2.1
jebel,RO,2020-04-11 14:01:29,45.56,21.21,54,41,62.86999999999996,4.1
tarnova,RO,2020-04-11 14:01:29,46.32,21.8,1,29,62.86999999999996,3.1
lakes entrance,AU,2020-04-11 14:01:30,-37.88,147.98,80,65,53.27599999999999,0.45
yerbogachen,RU,2020-04-11 14:01:30,61.28,108.01,15,94,26.81600000000001,3.03
fairbanks,US,2020-04-11 14:00:03,64.84,-147.72,1,92,33.27799999999996,1.65
portland,US,2020-04-11 14:00:11,45.52,-122.68,75,66,55.274000000000015,0.67
erzin,TR,2020-04-11 14:01:30,36.96,36.2,20,72,63.266000000000005,2.1
beira,MZ,2020-04-11 13:56:45,-19.84,34.84,60,74,73.90399999999995,2.5
obodivka,UA,2020-04-11 14:01:30,48.41,29.25,55,35,51.27799999999996,3.85
verkhoyansk,RU,2020-04-11 14:01:30,67.54,133.38,100,94,27.301999999999975,3.79
inongo,CD,2020-04-11 14:01:31,-1.95,18.27,100,82,76.226,1.45
sharlyk,RU,2020-04-11 14:01:31,52.92,54.75,94,80,40.711999999999954,5.7
zurrieq,MT,2020-04-11 14:01:31,35.83,14.47,23,51,62.86999999999996,2.6
samusu,,,,,,,,
iquitos,PE,2020-04-11 14:01:31,-3.75,-73.25,75,83,80.86999999999996,1
doume,CM,2020-04-11 14:01:31,4.23,13.45,86,63,68.9,1.5
grinnell,US,2020-04-11 14:01:32,41.74,-92.72,90,87,57.272000000000034,5.1
parambu,BR,2020-04-11 14:00:56,-6.21,-40.69,76,66,82.976,2.41
ternate,ID,2020-04-11 14:01:32,0.8,127.4,5,82,79.57400000000001,2.07
cocachacra,PE,2020-04-11 14:01:32,-17.09,-71.76,77,65,76.1,3.49
phangnga,TH,2020-04-11 14:01:32,8.45,98.53,20,88,80.86999999999996,1.19
girne,CY,2020-04-11 14:01:32,35.34,33.32,1,72,62.86999999999996,3.6
batemans bay,AU,2020-04-11 13:57:37,-35.72,150.18,9,87,38.26400000000003,4.2
barbar,,,,,,,,
tlaxco,MX,2020-04-11 14:01:32,19.62,-98.12,5,33,73.66999999999996,2.67
thinadhoo,MV,2020-04-11 14:01:33,0.53,72.93,13,61,85.08200000000002,2.44
ardakan,IR,2020-04-11 14:01:33,32.31,54.02,40,35,71.86999999999996,6.2
moctezuma,MX,2020-04-11 14:01:33,29.8,-109.67,0,20,68.01799999999999,5.37
puerto leguizamo,CO,2020-04-11 14:01:33,-0.19,-74.78,92,56,89.40199999999999,0.72
atyrau,KZ,2020-04-11 13:56:54,47.12,51.88,0,56,43.06999999999996,4
sitka,US,2020-04-11 14:01:33,57.05,-135.33,1,59,37.66999999999996,1.5
waddan,LY,2020-04-11 14:01:34,29.16,16.14,13,23,69.60199999999998,6.8
diu,IN,2020-04-11 14:01:34,20.71,70.98,0,50,83.67799999999997,6.87
nuristan,AF,2020-04-11 14:01:34,35.3,70.83,97,25,30.70399999999995,1.88
nantucket,US,2020-04-11 13:56:49,41.28,-70.1,1,39,52.069999999999965,10.8
sept-iles,CA,2020-04-11 14:00:11,50.2,-66.38,75,38,41.26999999999996,7.7
cranbrook,CA,2020-04-11 14:00:34,49.5,-115.77,90,56,32.26999999999996,4.6
teya,RU,2020-04-11 14:01:34,60.38,92.63,1,94,24.656000000000027,1.8
palembang,ID,2020-04-11 14:01:34,-2.92,104.75,30,92,76.02799999999996,0.75
kentau,KZ,2020-04-11 14:01:35,43.52,68.51,87,59,57.109999999999985,3.16
kourou,GF,2020-04-11 13:57:07,5.16,-52.65,75,62,86.26999999999995,6.2
tazovskiy,RU,2020-04-11 14:01:35,67.47,78.7,100,99,36.08599999999997,7.82
asuncion,PY,2020-04-11 14:01:20,-25.3,-57.64,0,30,82.66999999999996,2.6
saint-joseph,RE,2020-04-11 14:00:23,-21.37,55.62,48,83,77.26999999999995,2.6
vila,PT,2020-04-11 14:01:35,42.03,-8.16,75,82,63.266000000000005,3.1
manaus,BR,2020-04-11 14:00:52,-3.1,-60.02,75,94,75.46999999999997,3.1
pedernales,DO,2020-04-11 14:01:36,18.04,-71.74,75,55,89.86999999999996,8.2
vaitape,PF,2020-04-11 14:01:36,-16.52,-151.75,100,73,84.05600000000004,4.18
tulun,RU,2020-04-11 14:01:36,54.56,100.58,99,74,33.25999999999998,1.92
tres marias,MX,2020-04-11 14:00:25,19.05,-99.24,5,22,86.26999999999995,1.5
khandyga,RU,2020-04-11 14:01:36,62.67,135.6,80,97,25.609999999999978,2.11
effingham,US,2020-04-11 14:01:36,32.37,-81.33,1,18,74.26400000000004,3.1
puebla,MX,2020-04-11 13:56:58,18.83,-98,5,33,83.26400000000004,4.48
forestville,US,2020-04-11 14:01:37,38.85,-76.88,1,30,60.27799999999996,6.2
nizhyn,UA,2020-04-11 14:01:37,51.05,31.89,38,63,40.38800000000005,5.62
ketchikan,US,2020-04-11 14:01:37,55.34,-131.65,1,41,43.06999999999996,2.6
rancho palos verdes,US,2020-04-11 14:01:37,33.74,-118.39,40,82,65.26400000000004,2.1
diego de almagro,CL,2020-04-11 14:01:37,-26.37,-70.05,0,16,81.71600000000001,6.08
san ramon,US,2020-04-11 13:58:57,37.78,-121.98,90,81,59.26999999999996,2.1
soubre,CI,2020-04-11 14:01:37,5.79,-6.61,89,85,80.65399999999995,1.19
spas-klepiki,RU,2020-04-11 14:01:38,55.13,40.18,100,84,36.266000000000005,3.13
khash,IR,2020-04-11 14:01:38,28.22,61.22,97,18,74.33599999999997,6.52
mantua,IT,2020-04-11 14:01:14,45.17,10.78,0,49,75.46999999999997,2.1
haibowan,,,,,,,,
tabiauea,,,,,,,,
awbari,LY,2020-04-11 14:01:38,26.59,12.78,0,15,79.51999999999995,5
ponta delgada,PT,2020-04-11 14:01:38,37.73,-25.67,20,63,62.86999999999996,8.2
vestmanna,FO,2020-04-11 14:01:38,62.16,-7.17,100,100,44.86999999999996,2.6
salinopolis,BR,2020-04-11 14:01:39,-0.61,-47.36,72,82,82.77799999999996,5.23
husavik,IS,2020-04-11 14:01:39,66.04,-17.34,75,93,37.66999999999996,8.2
arrifes,PT,2020-04-11 14:01:39,37.77,-25.7,20,63,62.86999999999996,8.2
sidhauli,IN,2020-04-11 14:01:39,27.28,80.83,1,50,79.06999999999996,2.33
mahibadhoo,MV,2020-04-11 14:00:27,3.78,72.97,17,66,85.00999999999999,0.76
kambove,CD,2020-04-11 14:01:39,-10.88,26.6,94,65,63.71600000000001,1.72
mokhsogollokh,RU,2020-04-11 14:01:40,61.47,128.92,99,92,31.36999999999996,2.15
taos,US,2020-04-11 14:01:40,36.41,-105.57,1,19,55.66999999999996,3.6
paranaiba,BR,2020-04-11 14:01:40,-19.68,-51.19,10,45,82.868,1.49
zhuhai,CN,2020-04-11 14:01:40,22.28,113.57,40,100,68.26999999999995,8.7
okhotsk,RU,2020-04-11 14:01:40,59.38,143.3,97,96,25.01600000000001,0.76
kagadi,UG,2020-04-11 14:01:40,0.96,30.8,93,56,69.83599999999997,1.53
sovetskiy,RU,2020-04-11 14:01:41,61.36,63.58,100,89,37.59800000000003,3.15
mount gambier,AU,2020-04-11 14:01:41,-37.83,140.77,90,66,52.069999999999965,2.1
isangel,VU,2020-04-11 14:01:41,-19.55,169.27,37,61,77.558,3.85
bobon,PH,2020-04-11 14:01:41,12.52,124.56,1,84,74.53399999999999,1.61
demba,CD,2020-04-11 14:01:41,-5.51,22.27,86,75,74.49800000000002,0.82
hargeysa,SO,2020-04-11 14:01:41,9.56,44.06,24,49,76.08200000000002,2.31
rio de janeiro,BR,2020-04-11 13:58:50,-22.9,-43.21,90,78,75.46999999999997,1.5
victor harbor,AU,2020-04-11 14:01:42,-35.57,138.62,75,71,54.266000000000005,1
atar,MR,2020-04-11 14:01:42,20.52,-13.05,0,9,99.19399999999997,5.73
beloha,MG,2020-04-11 14:01:42,-25.17,45.05,88,81,73.34600000000006,7.25
verkhovazhye,RU,2020-04-11 14:01:42,60.75,42.05,96,92,27.067999999999984,1.35
pa sang,TH,2020-04-11 14:01:42,18.53,98.94,20,48,82.66999999999996,0.69
wellington,NZ,2020-04-11 13:59:01,-41.29,174.78,63,82,59.26999999999996,9.3
nouadhibou,MR,2020-04-11 14:01:43,20.93,-17.03,0,53,77.26999999999995,9.3
kuryk,KZ,2020-04-11 14:01:43,43.2,51.65,15,67,49.02799999999996,4.84
seoul,KR,2020-04-11 14:01:43,37.57,126.98,1,81,43.06999999999996,1.15
aguililla,MX,2020-04-11 14:01:43,18.73,-102.73,42,11,95.0,1.23
tecpan,GT,2020-04-11 14:01:43,14.76,-90.99,40,42,82.66999999999996,2.1
garowe,SO,2020-04-11 14:01:44,8.41,48.48,1,48,81.23000000000005,8.26
rosita,NI,2020-04-11 14:01:44,13.93,-84.4,100,38,93.10999999999999,2.38
barra do garcas,BR,2020-04-11 14:01:44,-15.89,-52.26,75,62,89.86999999999996,1
lolua,,,,,,,,
gbadolite,CD,2020-04-11 14:01:44,4.28,21.02,96,72,75.79399999999998,0.63
egvekinot,RU,2020-04-11 14:01:44,66.32,-179.17,13,75,8.222000000000037,1.35
asosa,ET,2020-04-11 14:01:44,10.07,34.53,77,41,73.59800000000003,0.92
muzaffarabad,PK,2020-04-11 14:01:44,34.37,73.47,51,32,65.44399999999997,3.59
darab,IR,2020-04-11 14:01:45,28.75,54.54,100,25,72.53599999999997,2.12
biskamzha,RU,2020-04-11 14:01:45,53.45,89.53,0,82,27.446000000000048,1.89
te anau,NZ,2020-04-11 14:01:45,-45.42,167.72,91,69,52.64600000000005,1.87
avera,US,2020-04-11 14:01:45,33.19,-82.53,1,22,72.26600000000002,4.6
marfino,RU,2020-04-11 13:58:51,55.7,37.38,35,55,39.469999999999956,7
sorvag,,,,,,,,
deming,US,2020-04-11 14:01:45,32.27,-107.76,1,17,62.86999999999996,3.6
ilulissat,GL,2020-04-11 14:01:45,69.22,-51.1,75,59,37.66999999999996,3.1
bairiki,KI,2020-04-11 14:01:10,1.33,172.98,20,83,82.66999999999996,3.6
jintur,IN,2020-04-11 14:01:46,19.62,76.7,28,14,88.12400000000002,3.05
lagoa,PT,2020-04-11 14:01:46,39.05,-27.98,0,70,62.07799999999996,4.76
banda aceh,ID,2020-04-11 14:00:06,5.56,95.32,40,82,80.34800000000003,2.91
shieli,KZ,2020-04-11 14:01:46,44.17,66.75,84,34,61.934,1.56
yeppoon,AU,2020-04-11 14:01:46,-23.13,150.73,90,88,73.66999999999996,1.5
honningsvag,NO,2020-04-11 14:01:46,70.98,25.97,99,90,29.875999999999987,2.45
general roca,AR,2020-04-11 14:01:47,-39.03,-67.58,71,24,71.86999999999996,3.07
neuquen,AR,2020-04-11 14:01:47,-38.95,-68.06,73,24,71.86999999999996,3.23
baruun-urt,MN,2020-04-11 14:01:47,46.68,113.28,0,36,38.96600000000001,1.92
meulaboh,ID,2020-04-11 14:01:47,4.14,96.13,40,79,81.08599999999997,0.94
tahoua,NE,2020-04-11 14:01:47,14.89,5.27,94,6,102.46999999999996,2.1
romitan,UZ,2020-04-11 14:01:47,39.93,64.38,97,82,66.46999999999997,3.1
panjwin,,,,,,,,
sempeter,,,,,,,,
jensen beach,US,2020-04-11 14:01:48,27.25,-80.23,90,57,83.26400000000004,5.1
qaqortoq,GL,2020-04-11 14:01:48,60.72,-46.03,75,23,53.86999999999996,8.7
